[{"user_id": 1, "event_type": "user_signup", "metadata": {"username": "testuser123"}, "timestamp": "2025-12-03T15:07:18.557569"}, {"user_id": 1, "event_type": "user_login", "metadata": {"username": "testuser123"}, "timestamp": "2025-12-03T15:07:28.084706"}, {"user_id": 1, "event_type": "conversation_saved", "metadata": {"conversation_id": "conv_test123"}, "timestamp": "2025-12-03T15:08:08.616011"}, {"user_id": 1, "event_type": "api_request", "metadata": {"path": "/api/conversations/save", "method": "POST", "duration": 0.12560272216796875}, "timestamp": "2025-12-03T15:08:08.627285"}, {"user_id": 1, "event_type": "api_request", "metadata": {"path": "/api/conversations/list", "method": "GET", "duration": 0.006873130798339844}, "timestamp": "2025-12-03T15:08:27.009139"}]